[{"id":2347,"Maths":37,"Science":59,"English":78,"Language":71,"Religon":72,"History":23},
{"id":6997,"Maths":5,"Science":83,"English":6,"Language":48,"Religon":95,"History":33},
{"id":1023,"Maths":99,"Science":67,"English":46,"Language":78,"Religon":13,"History":94},
{"id":9046,"Maths":46,"Science":32,"English":41,"Language":27,"Religon":6,"History":36},
{"id":4246,"Maths":53,"Science":98,"English":5,"Language":91,"Religon":76,"History":90},
{"id":9966,"Maths":95,"Science":73,"English":73,"Language":28,"Religon":81,"History":49},
{"id":4931,"Maths":95,"Science":16,"English":33,"Language":84,"Religon":40,"History":94},
{"id":1958,"Maths":60,"Science":56,"English":27,"Language":8,"Religon":29,"History":89},
{"id":8216,"Maths":22,"Science":62,"English":21,"Language":100,"Religon":34,"History":31},
{"id":1661,"Maths":69,"Science":16,"English":100,"Language":85,"Religon":68,"History":100},
{"id":8652,"Maths":15,"Science":29,"English":66,"Language":84,"Religon":79,"History":60},
{"id":3043,"Maths":3,"Science":23,"English":69,"Language":46,"Religon":81,"History":83},
{"id":3903,"Maths":24,"Science":33,"English":33,"Language":51,"Religon":82,"History":43},
{"id":5625,"Maths":56,"Science":9,"English":97,"Language":17,"Religon":92,"History":69},
{"id":2687,"Maths":30,"Science":11,"English":66,"Language":46,"Religon":50,"History":23},
{"id":7198,"Maths":62,"Science":72,"English":54,"Language":19,"Religon":73,"History":22},
{"id":6215,"Maths":100,"Science":91,"English":84,"Language":88,"Religon":6,"History":46},
{"id":2524,"Maths":20,"Science":18,"English":68,"Language":74,"Religon":99,"History":65},
{"id":5092,"Maths":91,"Science":12,"English":80,"Language":17,"Religon":96,"History":11},
{"id":1074,"Maths":26,"Science":70,"English":40,"Language":35,"Religon":16,"History":75},
{"id":1618,"Maths":63,"Science":68,"English":6,"Language":85,"Religon":36,"History":16},
{"id":9801,"Maths":63,"Science":42,"English":56,"Language":86,"Religon":7,"History":93},
{"id":314,"Maths":41,"Science":80,"English":68,"Language":31,"Religon":89,"History":62},
{"id":6605,"Maths":36,"Science":61,"English":49,"Language":35,"Religon":25,"History":91},
{"id":5622,"Maths":46,"Science":53,"English":13,"Language":97,"Religon":80,"History":58},
{"id":5268,"Maths":88,"Science":5,"English":60,"Language":96,"Religon":84,"History":34},
{"id":397,"Maths":77,"Science":56,"English":55,"Language":93,"Religon":51,"History":22},
{"id":2842,"Maths":40,"Science":18,"English":52,"Language":66,"Religon":5,"History":32},
{"id":8532,"Maths":24,"Science":17,"English":99,"Language":6,"Religon":23,"History":10},
{"id":3599,"Maths":50,"Science":36,"English":70,"Language":3,"Religon":73,"History":2},
{"id":8211,"Maths":67,"Science":97,"English":79,"Language":22,"Religon":82,"History":53},
{"id":6124,"Maths":11,"Science":19,"English":34,"Language":75,"Religon":76,"History":23},
{"id":6648,"Maths":48,"Science":90,"English":81,"Language":12,"Religon":62,"History":47},
{"id":2641,"Maths":14,"Science":39,"English":15,"Language":70,"Religon":32,"History":50},
{"id":7390,"Maths":34,"Science":70,"English":49,"Language":8,"Religon":52,"History":15},
{"id":263,"Maths":98,"Science":66,"English":37,"Language":3,"Religon":71,"History":86},
{"id":4210,"Maths":22,"Science":70,"English":84,"Language":34,"Religon":75,"History":9},
{"id":9728,"Maths":81,"Science":96,"English":48,"Language":92,"Religon":9,"History":29},
{"id":6195,"Maths":83,"Science":17,"English":27,"Language":69,"Religon":87,"History":49},
{"id":4048,"Maths":16,"Science":40,"English":55,"Language":48,"Religon":63,"History":33},
{"id":7661,"Maths":50,"Science":9,"English":59,"Language":9,"Religon":68,"History":24},
{"id":1635,"Maths":83,"Science":66,"English":42,"Language":32,"Religon":7,"History":87},
{"id":4716,"Maths":97,"Science":29,"English":84,"Language":84,"Religon":4,"History":69},
{"id":5015,"Maths":36,"Science":45,"English":4,"Language":7,"Religon":67,"History":22},
{"id":3949,"Maths":23,"Science":36,"English":93,"Language":91,"Religon":79,"History":63},
{"id":3112,"Maths":70,"Science":77,"English":93,"Language":10,"Religon":18,"History":44},
{"id":273,"Maths":43,"Science":36,"English":1,"Language":61,"Religon":86,"History":84},
{"id":5646,"Maths":44,"Science":6,"English":32,"Language":20,"Religon":33,"History":100},
{"id":574,"Maths":75,"Science":94,"English":69,"Language":92,"Religon":72,"History":15},
{"id":8011,"Maths":99,"Science":24,"English":61,"Language":55,"Religon":34,"History":26}]